<?xml version="1.0" encoding="UTF-8"?>
<project-private xmlns="http://www.netbeans.org/ns/project-private/1">
    <editor-bookmarks xmlns="http://www.netbeans.org/ns/editor-bookmarks/2" lastBookmarkId="0"/>
    <open-files xmlns="http://www.netbeans.org/ns/projectui-open-files/2">
        <group>
            <file>file:/C:/Users/ESCINF/Downloads/Copy%20of%20Georges-Paradigmas/Paradigmas/Prácticas%20y%20evaluaciones/Proyecto%201/Proyecto1_Paradigmas/src/Model/CallableLogic.java</file>
            <file>file:/C:/Users/ESCINF/Downloads/Copy%20of%20Georges-Paradigmas/Paradigmas/Prácticas%20y%20evaluaciones/Proyecto%201/Proyecto1_Paradigmas/src/Model/Expresion.java</file>
            <file>file:/C:/Users/ESCINF/Downloads/Copy%20of%20Georges-Paradigmas/Paradigmas/Prácticas%20y%20evaluaciones/Proyecto%201/Proyecto1_Paradigmas/src/Model/Parser.java</file>
            <file>file:/C:/Users/ESCINF/Downloads/Copy%20of%20Georges-Paradigmas/Paradigmas/Prácticas%20y%20evaluaciones/Proyecto%201/Proyecto1_Paradigmas/src/Model/LogicNode.java</file>
            <file>file:/C:/Users/ESCINF/Downloads/Copy%20of%20Georges-Paradigmas/Paradigmas/Prácticas%20y%20evaluaciones/Proyecto%201/Proyecto1_Paradigmas/src/Model/LogicChain.java</file>
            <file>file:/C:/Users/ESCINF/Downloads/Copy%20of%20Georges-Paradigmas/Paradigmas/Prácticas%20y%20evaluaciones/Proyecto%201/Proyecto1_Paradigmas/src/View/vistaExpresion.java</file>
            <file>file:/C:/Users/ESCINF/Downloads/Copy%20of%20Georges-Paradigmas/Paradigmas/Prácticas%20y%20evaluaciones/Proyecto%201/Proyecto1_Paradigmas/src/Model/Model.java</file>
            <file>file:/C:/Users/ESCINF/Downloads/Copy%20of%20Georges-Paradigmas/Paradigmas/Prácticas%20y%20evaluaciones/Proyecto%201/Proyecto1_Paradigmas/src/Model/ListaExpresiones.java</file>
            <file>file:/C:/Users/ESCINF/Downloads/Copy%20of%20Georges-Paradigmas/Paradigmas/Prácticas%20y%20evaluaciones/Proyecto%201/Proyecto1_Paradigmas/src/Model/LogicFunction.java</file>
            <file>file:/C:/Users/ESCINF/Downloads/Copy%20of%20Georges-Paradigmas/Paradigmas/Prácticas%20y%20evaluaciones/Proyecto%201/Proyecto1_Paradigmas/src/View/VistaPrincipal.java</file>
            <file>file:/C:/Users/ESCINF/Downloads/Copy%20of%20Georges-Paradigmas/Paradigmas/Prácticas%20y%20evaluaciones/Proyecto%201/Proyecto1_Paradigmas/src/Controller/Control.java</file>
        </group>
    </open-files>
</project-private>
